"Tilda UID";Brand;SKU;Mark;Category;Title;Description;Text;Photo;Price;Quantity;"Price Old";Editions;Modifications;"External ID";"Parent UID";Characteristics:Назначение;Weight;Length;Width;Height;"SEO title";"SEO descr";"SEO keywords";"FB title";"FB descr"
934200032033;;СК002;;"Корзины;Для хранения вещей;Подарочные корзины;Пасхальные;Стильные плетеные аксессуары";"Круглая корзина Фрида";"Очаровательная и удобная корзинка.<br /><br /><strong>Размеры</strong>: диаметр 26 см, высота 15 см. <br /><strong>Материал</strong>: цельный ивовый прут.<br /><br />Без обшива";"<strong>Размеры</strong>: диаметр 26 см, высота 15 см.<strong><br />Материал</strong>: цельный ивовый прут.";https://static.tildacdn.com/tild6163-6133-4239-b930-366163613430/IMG_20190121_204930_.jpg;1990.00;;;;;GUKHV9tLz1gZztl96P6a;;;0;0;0;150;"Круглая плетеная корзина с обшивом";;;;
345779171481;;B001;;"Для хранения вещей;Бельевые корзины;Сундуки и короба";"Плетеный короб Моряк";"<strong>Размеры</strong>: 37х31 см, высота 32 см";"<div style=""font-size:18px;"" data-customstyle=""yes"">Отличный вариант для ванной или гостиной: оплетенные канатные ручки смотрятся стильно, размер — универсальный!<br /><br /><strong>Размеры</strong>: 37х31 см, высота 32 см<br /><strong>Материал</strong>: цельный ивовый прут, фанерное дно.</div>";https://static.tildacdn.com/tild3935-6232-4630-b033-613764666361/IMG_20190608_101035.jpg;2890.00;;;;;puJkI5dK7MUniRkN5slt;;;0;370;310;320;"Плетеный короб для вещей";"Корзина ручной работы из лозы для белья и вещей";;;
393760775080;;OK001;;"Корзины;Пикниковые корзины;Подарочные корзины;Пасхальные";"Большая овальная корзина Полли";"Вместительная корзина с праздничным обшивом.<br /><br /><strong>Размеры</strong>: 44х27 см, высота 15 см<br /><strong>Материал</strong>: цельный ивовый прут.<br /><br />С обшивом / Без обшива";"Вместительная корзина с праздничным обшивом.<br /><br /><strong>Размеры</strong>: 47х27 см, высота 15 см<br /><strong>Материал</strong>: цельный ивовый прут.";https://static.tildacdn.com/tild6535-6165-4362-a336-613365346333/IMG_20190121_204339_.jpg;2600.00;;;;;acN7yleU2yg6AtB7sF0f;;;0;470;270;150;;;;;
526676156418;;СК001;;"Корзины;Пикниковые корзины;Подарочные корзины;Стильные плетеные аксессуары";"Плетеная круглая корзина Ариана";"Вместительная круглая корзина с роскошной плетеной косой. Идеально подойдет для рукоделия или в подарок.<br /><br />Размеры: диаметр низа 25 см, верх - 36 см, высота без ручки 21 см.<br />Материал: цельный ивовый прут.";"Вместительная круглая корзина с роскошной плетеной косой. Идеально подойдет для рукоделия или в подарок.<br /><br /><strong>Размеры</strong>: диаметр низа 25 см, верх - 36 см, высота без ручки 21 см.<br /><strong>Материал</strong>: цельный ивовый прут.";https://static.tildacdn.com/tild6334-3761-4563-b666-363261626461/IMG_20190601_145709.jpg;2430.00;;;;;TJFdDP7K23BovVNG0RFp;;;0;0;0;0;;;;;
340634383007;;OK002;;"Корзины;Хозяйственные корзины;Для дома и дачи;Для активного отдыха";"Корзина Виктория";"Большая высокая корзина. <br /><br />Размеры: низ 23х31 см, верх 35х47 см, высота 28 см.<br />Материал: цельный ивовый прут.";"Высокая овальная корзина, идеально подходящая для тех, кто собирает большой урожай или знает грибные места ;) <br /><br /><strong>Размеры</strong>: низ 23х31 см, верх 35х47 см, высота 28 см.<br /><strong>Материал</strong>: цельный ивовый прут.<br /><br /><br />";https://static.tildacdn.com/tild6236-6230-4436-b932-336338663461/2.jpg;2600.00;;;;;DOAyVkZnlioJDyYlYnfl;;;0;0;0;280;;;;;
557923373361;;OK003;;"Корзины;Хозяйственные корзины;Пикниковые корзины;Для активного отдыха";"Корзина Чарли";"Вместительная корзина среднего размера. <br /><br />Размеры: низ 31х23 см, верх 41х33 см, высота 18 см.<br />Материал: цельный ивовый прут.<br />";"Вместительная корзина среднего размера. Вы удивитесь, сколько сюда может поместиться грибов или яблок! <br /><br /><strong>Размеры</strong>: низ 31х23 см, верх 41х33 см, высота 18 см.<br /><strong>Материал</strong>: цельный ивовый прут.";https://static.tildacdn.com/tild6336-3939-4462-a262-633461396162/2.jpg;2050.00;;;;;63usYKddUCv50gldnOx2;;;0;0;0;180;;;;;
666702314098;;OK004;;"Корзины;Хозяйственные корзины;Для дома и дачи;Для активного отдыха";"Корзина Дачная";"Большая корзина для грибов или урожая. <br /><br />Размеры: дно 30х20 см. Верх 44х33 см. Высота 24 см.<br />Материал: цельный ивовый прут.";"Большая корзина для грибов или урожая. Идеальна для походов в лес и поездок на дачу. <br /><br /><strong>Размеры</strong>: дно 30х20 см. Верх 44х33 см. Высота 24 см.<br /><strong>Материал</strong>: цельный ивовый прут.";https://static.tildacdn.com/tild6566-6638-4532-b036-363531373933/2.jpg;2340.00;;;;;jBi6JRPJImMSYaT5sIDF;;;0;0;0;240;;;;;
884062203813;;P001;;"Корзины;Подарочные корзины;Стильные плетеные аксессуары;Необычные для интерьера";"Корзина подарочная Лодка";"Идеальная корзина, чтобы наполнить её подарками для друзей, коллег и не только ;) <br /><br />Размеры: дно 20х30 см, высота без ручки 10-15 см.<br />Материалы: цельный ивовый прут, фанерное дно.";"Идеальная корзина, чтобы наполнить её подарками для друзей, коллег и не только ;)<br /><br /><strong>Размеры</strong>: дно 20х30 см, высота без ручки 10-15 см.<br /><strong>Материалы</strong>: цельный ивовый прут, фанерное дно.";https://static.tildacdn.com/tild3064-6536-4865-b032-623633366563/photo.jpg;999.00;;;;;5THfcodYZ2IZzZcTId4s;;;0;0;0;0;;;;;
857295794393;;CK004;;"Корзины;Для хранения вещей;Хозяйственные корзины;Стильные плетеные аксессуары";"Домашняя корзина Бриджит";"Бонбоньерка с крышкой для дома или дачи: вместительная и красивая.<br /><br /><strong>Размеры: </strong>диаметр низа 24 см, диаметр верха 28 см, высота 24 см.<br /><strong>Материал</strong><span class=""redactor-invisible-space"">: цельный ивовый прут. <br /></span>";"Бонбоньерка с крышкой для дома или дачи: вместительная и красивая. <br /><br /><strong>Размеры:</strong> диаметр низа 24 см, диаметр верха 28 см, высота 24 см.<br /><strong>Материал</strong>: цельный ивовый прут.";https://static.tildacdn.com/tild3134-3161-4465-a631-633833303739/IMG_20190714_1303091.jpg;2950.00;;;;;I4rO4KztsvV07afLBBpe;;;0;0;0;0;;;;;
526257635712;;КК001;"В наличии";"Корзины;Пикниковые корзины;Для хранения вещей;Стильные плетеные аксессуары";"Корзина Шарлотта";"Высокая корзина с круглой крышкой на ремешках. <br /><br />Размеры: диаметр дна 19 см, диаметр верха 25 см, высота 35 см.<br />Материал: цельный ивовый прут. <br />";"Высокая корзина с круглой крышкой на ремешках.<br /><strong>Размеры:</strong> диаметр дна 19 см, диаметр верха 25 см, высота 35 см.<br /><strong>Материал</strong>: цельный ивовый прут.<br /><br />Подойдет для прогулок, пикников и шоппинга. Одновременно вместительная и изящная. С такой корзиной вам гарантировано повышенное внимание окружающих ;)";https://static.tildacdn.com/tild6439-3266-4463-a432-666236666631/photo532103736288252.jpg;3550.00;;;;;9a2A9jiDE8ZMMT5JmK76;;;0;0;0;350;;;;;
855669425588;;С001;"В наличии";"Корзины;Подарочные корзины;Стильные плетеные аксессуары;Пикниковые корзины";"Плетеная сумка Джейн";"Сумка-корзинка, подходящая для прогулок по городу. <br /><br /><strong>Размеры</strong>: диаметр 17-18 см, высота 26 см. <br /><strong>Материал</strong><span class=""redactor-invisible-space"">: цельный ивовый прут.</span><br />";"Сумка-корзинка, подходящая для прогулок по городу.<br /><br /><strong>Размеры</strong>: диаметр 17-18 см, высота 26 см.<br /><strong>Материал</strong>: цельный ивовый прут.";https://static.tildacdn.com/tild3263-6530-4162-b132-656130316430/photo533931635714724.jpg;3250.00;;;;;JXhk8ylvx79aoatAdmzS;;;0;0;0;260;;;;;
780977906110;;С002;;"Корзины;Для активного отдыха;Подарочные корзины;Стильные плетеные аксессуары";"Плетеная сумка Мечтательница";"Хотите сумку-корзинку как у Джейн Биркин? Мечта ближе, чем кажется ;)<br /><br />Высота корзинки 25 см, в качестве ручки - тесьма (цвет на ваш выбор + вы сами легко сможете менять ремешки, покажем как)";"Хотите сумку-корзинку как у Джейн Биркин? Мечта ближе, чем кажется ;) <br />Высота корзинки 25 см, в качестве ручки - тесьма (цвет на ваш выбор + вы сами легко сможете менять ремешки, покажем как)";https://static.tildacdn.com/tild3661-3531-4733-b536-353766653939/photo542713266293556.jpg;2590.00;;;;;SkXcDYf2IYJdtsaRzCe9;;;0;0;0;250;;;;;
457419013971;;H003;;"Корзины;Пикниковые корзины;Для хранения вещей;Подарочные корзины;Необычные для интерьера";"Винная корзина Эмилия";"Плетеная корзина с внутренними стенками-разделителями. Красиво и удобно!<br /><br /><strong>Размеры</strong>: 44х25 см, высота 20 см (без ручки). <br /><strong>Материал</strong><span class=""redactor-invisible-space"">: цельный ивовый прут, фанера. </span><br />";"Настоящий плетеный мини-бар: дома будет украшать кухню или гостиную, а в поездке сохранит бутылки в целости и позволит удобно переносить. Оригинальный вариант подарка. <br /><br /><strong>Размеры</strong>: 44х25 см, высота 20 см (без ручки).<br /><strong>Материал</strong>: цельный ивовый прут, фанера.<br />";https://static.tildacdn.com/tild3662-3139-4637-b932-373732393362/IMG-20190629-WA0006.jpg;3185.00;;;;;RCmRK4zxdYrLfJjn8X0f;;;0;440;250;200;"Плетеная винная корзина";"Плетеный мини-бар для дома и для пикников. Отличный подарок. Ручная работа.";;;
452404213530;;СК005;;"Корзины;Подарочные корзины;Стильные плетеные аксессуары;Для хранения вещей;Пикниковые корзины";"Корзина Малышка";"Миниатюрная и милая корзина с прямоугольным верхом и овальным дном. <br /><br />Размеры: верх 23х32 см, дно 15х20 см, высота 18 см.<br />Материал: цельный ивовый прут.";"Миниатюрная и милая корзина с прямоугольным верхом и овальным дном.<br /><strong>Размеры</strong>: верх 23х32 см, дно 15х20 см, высота 18 см.<br /><strong>Материал</strong>: цельный ивовый прут.<br /><br />Идеально подойдет для ребенка, чтобы собирать грибы или ягоды. <br />Может стать удобной корзинкой для ежедневных покупок для девушки.";https://static.tildacdn.com/tild3539-3135-4931-b833-336263383133/1.jpg;1450.00;;;;;cRAsuPmF1zXJL2Cgc46p;;;0;0;0;180;;;;;
825605842779;;OK006;;"Корзины;Хозяйственные корзины;Для хранения вещей;Для активного отдыха;Для дома и дачи";"Средняя корзина Кубышка";"Идеальный вариант для дачи! Крепкая, вместительная корзина со вставками неокоренной лозы и шикарной загибкой в виде косы.<br /><br /><strong>Размеры</strong>: диаметр низа 27 см, высота без ручки 20 см.<br /><strong>Материал</strong>: цельный ивовый прут.";"Идеальный вариант для дачи! Крепкая, вместительная корзина со вставками неокоренной лозы и шикарной загибкой в виде косы.<br /><br /><strong>Размеры</strong>: диаметр низа 27 см, высота без ручки 20 см.<br /><strong>Материал</strong>: цельный ивовый прут.<br />";https://static.tildacdn.com/tild6633-3663-4136-b836-346161353761/IMG_20190609_093530.jpg;1890.00;;;;;NHNDNtzRxiX8uxSZJXeF;;;0;0;0;0;;;;;
349831013895;;0100;Комплект;"Корзины;Хозяйственные корзины;Подарочные корзины;Для дома и дачи";"Семейный набор корзин";"4 корзины: от очень большой для папы до миниатюрной для малыша.<br /><br />Цена комплекта выгоднее, чем приобретать корзины по отдельности.";;https://static.tildacdn.com/tild3861-3165-4631-a266-343565353933/photo547415320468295.jpg;9700.00;;;;;n0sFhBruIEeoBKRYkAcn;;;0;0;0;0;;;;;
532882649517;;OK005;;"Корзины;Хозяйственные корзины;Пикниковые корзины;Для активного отдыха";"Городская корзина Венецианка";"Овальная корзина с прямыми стенками, в которую поместятся все покупки и ничего не помнётся! Удобная и красивая<br /><br /><b style=""""><strong data-redactor-tag=""strong"">Размеры</strong></b><strong>:</strong> 24х38 см, высота 24-30 см (без ручки).";"<strong>Размеры: 24х38 см, высота 24-30 см (без ручки).</strong><br /><br />Это идеальная корзина для города, потому что: во-первых, с ней можно пойти в парк на пикник. Пара бутылок лимонада, фрукты, бутерброды, плед, книга - поместится всё. Плюс - стильные фото. Во-вторых, с ней удобно ходить в магазины: вам не нужны будут пластиковые пакеты и ни одна покупка не помнётся. В-третьих, она просто красивая и отлично будет смотреться в любом интерьере.";https://static.tildacdn.com/tild6134-6137-4666-b537-306665303930/photo535063505196611.jpg;2700.00;;;;;R1EP35BKnjXNVruTGA7o;;;0;240;380;300;;;;;
997290617274;;0900;;"Колыбели и люльки";"Колыбель подвесная Колыбель с капюшоном";"<strong>Размеры</strong>: 80х40 см, высота без капюшона 30 см<br /><strong>Материал</strong>: цельный ивовый прут.";"<strong>Размеры</strong>: 80х40 см, высота без капюшона 30 см<br /><strong>Материал</strong>: цельный ивовый прут.";https://static.tildacdn.com/tild3139-3764-4737-b932-323532656361/craddle-mini.jpg;8890.00;;;;;xoxP8MHFg2pYkaGczADp;;;0;800;400;300;;;;;
577767569893;;0901;;"Колыбели и люльки";"Люлька подвесная Люлька с косой";"<strong>Размеры</strong>: дно 80х40 см, высота 30 см. <strong><br />Материал</strong>: цельный ивовый прут.";"<strong>Размеры</strong>: дно 80х40 см, высота 30 см. <strong><br />Материал</strong>: цельный ивовый прут.";https://static.tildacdn.com/tild3332-6536-4666-b839-366363663632/IMG_20180326_232258_.jpg;6850.00;;;;;0pz8g9lllSfjMzeH6V4f;;;0;800;400;300;;;;;
602264147409;;0902;;"Колыбели и люльки";"Колыбель подвесная Парнас";"<strong>Размеры</strong>: 90х60 см, высота 30 см. <strong><br />Материал</strong>: цельный ивовый прут.";"<strong>Размеры</strong>: 90х60 см, высота 30 см. <strong><br />Материал</strong>: цельный ивовый прут.";https://static.tildacdn.com/tild6264-3566-4639-b735-363363663038/2.jpg;7390.00;;;;;0oC7FKa0xhaYvSEE5AjC;;;0;900;0;300;;;;;
856142423756;;0903;;"Колыбели и люльки";"Люлька напольная Геркулес";"<strong>Размеры</strong>: длина окружности эллипса в верхней части 85*65 см, в нижней части 75*60 см, высота 20 см.<br /><strong>Материал</strong>: цельный ивовый прут.";"<strong>Размеры</strong>: длина окружности эллипса в верхней части 85*65 см, в нижней части 75*60 см, высота 20 см.<br /><strong>Материал</strong>: цельный ивовый прут.";https://static.tildacdn.com/tild3061-3163-4435-b063-333636343036/noroot.jpg;8990.00;;;;;BUj5TXJ2gBLxv0d0fcF2;;;0;0;0;0;;;;;
523391509696;;0904;;"Колыбели и люльки";"Колыбель подвесная Шармант";"<strong>Размеры</strong>: дно 80х40 см, высота 30 см. <strong><br />Материал</strong>: цельный ивовый прут.";"<strong>Размеры</strong>: дно 80х40 см, высота 30 см. <strong><br />Материал</strong>: цельный ивовый прут.";https://static.tildacdn.com/tild6666-3038-4134-b033-363136303662/IMG_20190609_092519-.jpg;5500.00;;;;;g1RzBZ5FXzypiFb4ygCA;;;0;0;0;0;;;;;
893205819817;;;;"Колыбели и люльки";"Система крепления для колыбели";"<strong>Система крепления</strong>: ремни, 2 карабина, пружина, страховочный трос, чехол.";"<strong>Система крепления</strong>: ремни, 2 карабина, пружина, страховочный трос, чехол.";https://static.tildacdn.com/tild6430-6232-4337-a535-306462383538/photo_2020-10-08_21-.jpg;0;;;;;UiEXiADr27XijHKY8jC9;;;0;0;0;0;;;;;
199264880480;;;;"Колыбели и люльки";"Полный комплект для стандартной люльки";"<b>Система крепления + белье. </b><br /><strong>В комплект белья входит</strong>: бортики, ортопедический матрас (кокосовая койра), плед, комплект простыней на резинке, непромокаемый махровый наматрасник. <br /><strong>Система крепления</strong>: ремни, 2 карабина, пружина, страховочный трос, чехол. <br />";"<strong></strong>Система крепления + белье.<br /><strong>В комплект белья входит</strong>: бортики, ортопедический матрас (кокосовая койра), плед, комплект простыней на резинке, непромокаемый махровый наматрасник.<br /><strong>Система крепления</strong>: ремни, 2 карабина, пружина, страховочный трос, чехол.";https://static.tildacdn.com/tild3233-3662-4765-b133-396661396637/photo_2020-10-08_21-.jpg;6900.00;;;;;APiZa5YDTcGn1YKSJVLv;;;0;0;0;0;;;;;
970299730871;;И001;;"Корзины;Интерьер и дизайн";"Корзина для кухни Муза";"<strong>Размеры</strong>: диаметр 51 см, высота 34 см.<br /><strong>Материал</strong>: цельный ивовый прут.";"<strong>Размеры</strong>: диаметр 51 см, высота 34 см.<br /><strong>Материал</strong>: цельный ивовый прут.";https://static.tildacdn.com/tild6534-3862-4434-b437-316232386132/IMG_20180326_233142.jpg;4995.00;;;;;y0rU2HROy7G3kYNvrPMx;;Интерьерная;0;0;0;340;;;;;
361485292495;;И002;;"Корзины;Интерьер и дизайн";"Корзина настольная Грация";"<strong>Размеры:</strong> диаметр 44 см, высота 20 см.<br /><strong>Материал</strong>: цельный ивовый прут.";"<strong>Размеры:</strong> диаметр 44 см, высота 20 см.<br /><strong>Материал</strong>: цельный ивовый прут.";https://static.tildacdn.com/tild3333-6533-4634-a462-366236396439/photo.jpg;2835.00;;;;;03UMgCrCSmSzmTpVhYrn;;Интерьерная;0;0;0;200;;;;;
168225224900;;И003;;"Корзины;Интерьер и дизайн";"Корзинка настольная Амур";"<strong>Размер</strong>: диаметр 37 см, высота 18 см<br /><strong>Материал</strong>: цельный ивовый прут.";"<strong>Размер</strong>: диаметр 37 см, высота 18 см<br /><strong>Материал</strong>: цельный ивовый прут.";https://static.tildacdn.com/tild3864-6431-4564-a132-326537333635/photo.jpg;2430.00;;;;;42ZoF24I4FXVgKXCbyEN;;Интерьерная;0;0;0;180;;;;;
709461581701;;И004;;"Интерьер и дизайн;Необычные для интерьера";"Корзины для стеллажа 4 шт.";"<strong>Размеры</strong>: боковые стороны - 36 см, высота 12 см и 20 см.<br /><strong>Материал</strong>: цельный ивовый прут, фанерное дно.<br />";"<strong>Размеры</strong>: боковые стороны - 36 см, высота 12 см и 20 см.<br /><strong>Материал</strong>: цельный ивовый прут, фанерное дно.<br />";https://static.tildacdn.com/tild3662-3336-4962-a634-353138633965/noroot.jpg;4690.00;;;;;zE0LcB0nSXyZIP5PLoPp;;;0;0;0;0;;;;;
515308883358;;И005;;"Корзины;Подарочные корзины;Интерьер и дизайн;Необычные для интерьера";"Плетеный мини-бар Винный велосипед";"Необычный вариант мини-бара: велосипед с корзинкой и прицепом для хранения бутылок. Яркое решение для дизайна интерьера, а также отличный подарок к юбилею или свадьбе.<br /><strong>Размеры:</strong> высота 27 см<strong>.</strong><br /><strong>Цена одного велосипеда: </strong>2 750 руб.<br /><strong>Цена велосипеда + прицеп:</strong>#nbsp;4 090 руб.";"Необычный вариант мини-бара: велосипед с корзинкой и прицепом для хранения бутылок. Яркое решение для дизайна интерьера, а также отличный подарок к юбилею или свадьбе.<br /><strong>Размеры:</strong> высота 27 см<strong>.</strong><br /><strong>Цена одного велосипеда:</strong> 2 750 руб.<br /><strong>Цена велосипеда + прицеп:</strong> 4 090 руб.";https://static.tildacdn.com/tild3965-6430-4336-a565-653937653363/IMG20170809WA0000.jpg;4190.00;;;;;oZ7zCdnpn7khVN6D6E8R;;"Интерьерная;Подарочные";0;0;0;0;;;;;
323855481908;;И006;;"Корзины;Подарочные корзины;Интерьер и дизайн;Необычные для интерьера";"Плетеная шкатулка Фландрия";;;https://static.tildacdn.com/tild6536-3530-4534-b236-363734363632/IMG20170821WA0005.jpg;2350.00;;;;;RldKGZgk7aClBUDIdzfR;;;0;0;0;0;;;;;
838047132999;;H008;;"Интерьер и дизайн;Торговое оборудование";"Винная полка Майорка";"<strong>Размеры</strong>: ширина 50 см, высота 85 см.";"<strong>Размеры</strong>: ширина 50 см, высота 85 см.";https://static.tildacdn.com/tild3938-6564-4132-a233-316564373630/4.jpg;6590.00;;;;;oetIoFpusxHJI2DyJFTz;;;0;0;500;850;;;;;
970873396425;;H009;;"Торговое оборудование;Интерьер и дизайн";"Винная полка Швейцария";"<strong>Размеры:</strong> ширина 1 м, глубина 20 см.<br />Ваза, винные корзинки заказываются отдельно.";"<strong>Размеры:</strong> ширина 1 м, глубина 20 см.<br />Ваза, винные корзинки заказываются отдельно.";https://static.tildacdn.com/tild6239-6565-4166-a336-356139386162/1000.jpg;5500.00;;;;;vi6cIEzu5gT72g1saJJi;;Интерьерная;0;0;0;0;;;;;
134733622060;;H010;;"Интерьер и дизайн;Сундуки и короба";"Плетеный комод Дворянский";"<strong>Размеры</strong>: 1,20 м х 0,45 м, высота 1,3 м.<br />Плетеные ящики, верх - полотно из ленты.";"<strong>Размеры</strong>: 1,20 м х 0,45 м, высота 1,3 м.<br />Плетеные ящики, верх - полотно из ленты.";https://static.tildacdn.com/tild6537-6564-4238-b563-306636653235/1000.jpg;27500.00;;;;;ElGybK6hh03HnlzemspS;;;0;1200;450;1300;;;;;
635251238866;;Н011;;"Интерьер и дизайн";"Плетеная ваза";"<strong>Размеры</strong>: высота 25 см, диаметр 30 см.";"<strong>Размеры</strong>: высота 25 см, диаметр 30 см.";https://static.tildacdn.com/tild3638-6134-4466-b339-623237346564/noroot.JPG;2750.00;;;;;49X7NndXlobZmiTKEuH8;;;0;0;0;250;;;;;
816235271832;;H006;;"Торговое оборудование;Интерьер и дизайн";"Винная полка Италия";"Настенная винная полка с креплениями.<br /><strong>Размеры:</strong> ширина 50 см, высота 85 см.";"Настенная винная полка с креплениями.<br /><strong>Размеры:</strong> ширина 50 см, высота 85 см.";https://static.tildacdn.com/tild6561-3163-4438-b133-323831336532/1.jpg;6500.00;;;;;o14XucYkbdGJ5iXDd0NU;;;0;0;500;850;;;;;
201384155728;;H007;;"Торговое оборудование;Интерьер и дизайн";"Винная полка Классика";"<strong>Размеры</strong>: ширина 1,5 м, высота 30 см, глубина 40 см.";"<strong>Размеры</strong>: ширина 1,5 м, высота 30 см, глубина 40 см.";https://static.tildacdn.com/tild3834-6436-4434-a464-616362336135/2.jpg;11500.00;;;;;xUNjLU0M1CC4eNvJGmYn;;;0;1500;400;300;;;;;
240712765945;;T001;;"Корзины;Интерьер и дизайн;Торговое оборудование";"Багетница «Колизей»";"<strong>Материал</strong>: цельный ивовый прут, покрытие лаком.<br /><strong>Размер</strong>: диаметр 32 см, высота 40 см.";"<strong>Материал</strong>: цельный ивовый прут, покрытие лаком.<br /><strong>Размер</strong>: диаметр 32 см, высота 40 см.";https://static.tildacdn.com/tild3535-3032-4533-b365-373465313735/photo_2018-04-03_22-.jpg;3090.00;;;;;F4eMbfGsDyHbncbIcYZl;;;0;320;320;400;;;;;
389666234165;;;;"Корзины;Интерьер и дизайн;Для хранения вещей;Хозяйственные корзины;Необычные для интерьера";"Корзинка интерьерная Алиса";"<strong>Размеры</strong>: 12х35 см, высота 12 см.<br /><strong>Материал</strong>: цельный ивовый прут, фанерное дно. Возможно изготовление на плетеном дне (вторая цена).";"<strong>Размеры</strong>: 12х35 см, высота 12 см.<br /><strong>Материал</strong>: цельный ивовый прут, фанерное дно. Возможно изготовление на плетеном дне (вторая цена).";https://static.tildacdn.com/tild3036-6333-4365-b862-633031353162/-.jpg;;;;;;01NEv0zP5sdlJzl9Rhht;;;0;120;350;120;;;;;
172766669062;;;;;"Корзинка интерьерная Алиса - Да";;;;990.00;;;"Плетеное дно:;Фанерное дно:Да";;hjHBZHPDtUZLOJx5BCzs;389666234165;;0;0;0;0;;;;;
437379484761;;;;;"Корзинка интерьерная Алиса - Да";;;;1690.00;;;"Плетеное дно:Да;Фанерное дно:";;PDDUh4srnFxhN24NVZHz;389666234165;;0;0;0;0;;;;;
413255384085;;Ж001;;"Корзины;Для животных;Интерьер и дизайн";"Плетеная клетка";"Большая плетеная клетка с дверцей. Отлично подойдет для фотосессий или декора дома.<br /><br /><strong>Размеры</strong>: диаметр дна 60 см, высота 60 см.<br /><strong>Материал</strong>: цельный ивовый прут, фанерное дно, оклеенное пленкой.<br />";"Большая плетеная клетка с дверцей. Отлично подойдет для фотосессий или декора дома.<br /><br /><strong>Размеры</strong>: диаметр дна 60 см, высота 60 см.<br /><strong>Материал</strong>: цельный ивовый прут, фанерное дно, оклеенное пленкой.";https://static.tildacdn.com/tild3033-3936-4635-a236-393464623837/ZiTksNH1cuE.jpg;4690.00;;;;;87uOTKI1blsjsycKmIiy;;;0;0;0;0;;;;;
537304069478;;Н012;;"Интерьер и дизайн";"Плетеная клумба";"<strong>Диаметр</strong>: 50 см. <strong><br />Материал</strong>: цельный неочищенный ивовый прут.";"<strong>Диаметр</strong>: 50 см. <strong><br />Материал</strong>: цельный неочищенный ивовый прут.";https://static.tildacdn.com/tild3663-3362-4234-a438-376539663332/noroot.JPG;1390.00;;;;;iAg13593M2GL1DCIhJ2y;;;0;0;0;0;;;;;
325488316982;;Н013;;"Интерьер и дизайн";"Клумба цветочная";"<strong>Диаметр</strong>: 50 см.<br /><strong>Материал</strong>: цельный неочищенный ивовый прут.";"<strong>Диаметр</strong>: 50 см.<br /><strong>Материал</strong>: цельный неочищенный ивовый прут.";https://static.tildacdn.com/tild6232-3535-4735-b962-393061626434/f13011653d1640babb2ef7393e670a8e.jpg;1390.00;;;;;xZTxTOR0NisNiM8nVnc4;;;0;0;0;0;;;;;
172332250442;;Н014;;"Интерьер и дизайн";"Плетень Ограда";"Плетень делается по вашим размерам, в зависимости от вашего участка. Вы можете заказать нужную высоту, длину и оформление.<br /><strong>Размер стандартной секции</strong>: высота 35 см, длина 1,5 м. Цена указана за стандартную секцию.";"Плетень делается по вашим размерам, в зависимости от вашего участка. Вы можете заказать нужную высоту, длину и оформление.<br /><strong>Размер стандартной секции</strong>: высота 35 см, длина 1,5 м. Цена указана за стандартную секцию.";https://static.tildacdn.com/tild6130-3632-4439-a266-613165376661/noroot.JPG;1190.00;;;;;DgP5jBZ6F4me4pEFRIs2;;;0;0;0;0;;;;;
711707415678;;Н015;;"Интерьер и дизайн";"Плетень Весенний";"Плетень делается по вашим размерам, в зависимости от вашего участка. Вы можете заказать нужную высоту, длину и оформление.<br /><strong>Размер стандартной секции</strong>: высота 40 см, длина 1,5 м. Цена указана за стандартную секцию.";"Плетень делается по вашим размерам, в зависимости от вашего участка. Вы можете заказать нужную высоту, длину и оформление.<br /><strong>Размер стандартной секции</strong>: высота 40 см, длина 1,5 м. Цена указана за стандартную секцию.";https://static.tildacdn.com/tild3233-3830-4336-b534-376335333035/1.JPG;1490.00;;;;;sItKxgZ6leSuoz31ExMY;;;0;0;0;0;;;;;
990259991548;;Н016;;"Интерьер и дизайн";"Плетень Французский";"Плетень делается по вашим размерам, в зависимости от вашего участка. Вы можете заказать нужную высоту, длину и оформление.<br /><strong>Размер стандартной секции</strong>: высота 35 см, длина 1,5 м. Цена указана за стандартную секцию.";"Плетень делается по вашим размерам, в зависимости от вашего участка. Вы можете заказать нужную высоту, длину и оформление.<br /><strong>Размер стандартной секции</strong>: высота 35 см, длина 1,5 м. Цена указана за стандартную секцию.";https://static.tildacdn.com/tild6263-3231-4334-b534-353037383465/noroot.JPG;1290.00;;;;;RztmDa0KHhGe0Xzak27g;;;0;0;0;0;;;;;
976419569451;;Н017;;"Интерьер и дизайн";"Плетень Ажурный";"Плетень делается по вашим размерам, в зависимости от вашего участка. Вы можете заказать нужную высоту, длину и оформление.<br /><strong>Размер стандартной секции</strong>: высота 1,4 м, длина 1,5 м. Цена указана за стандартную секцию.";"Плетень делается по вашим размерам, в зависимости от вашего участка. Вы можете заказать нужную высоту, длину и оформление.<br /><strong>Размер стандартной секции</strong>: высота 1,4 м, длина 1,5 м. Цена указана за стандартную секцию.";https://static.tildacdn.com/tild6461-3563-4563-a636-363331646230/noroot.JPG;4990.00;;;;;l3a6lVXpDDJ97I1jGvv6;;;0;0;0;0;;;;;
447540327488;;D001;;"Интерьер и дизайн";Арка;"Арка делается по вашим размерам, в зависимости от вашего участка.<br /><strong>Размер арки на фото</strong>: высота 2,2 м, ширина полотна 0,5 м, проем 1,2 м.";"Арка делается по вашим размерам, в зависимости от вашего участка.<br /><strong>Размер арки на фото</strong>: высота 2,2 м, ширина полотна 0,5 м, проем 1,2 м.";https://static.tildacdn.com/tild3638-3764-4030-b865-393662616665/noroot.JPG;8390.00;;;;;v8BX8cUAh5Hn3tv6iKb5;;;0;0;0;0;;;;;
391174108759;;D002;;"Интерьер и дизайн";"Калитка в плетне";"Калитка является частью плетеного забора.<br /><strong>Размеры:</strong> ширина 35 см, высота 45 см.";"Калитка является частью плетеного забора.<br /><strong>Размеры:</strong> ширина 35 см, высота 45 см.";https://static.tildacdn.com/tild3130-3536-4566-b833-323462363633/2.jpg;590.00;;;;;DjH36arXeNvszvC7bpjE;;;0;0;0;0;;;;;
899477399314;;D003;;"Интерьер и дизайн";"Плетеная тачка";"Необычный элемент оформления участка или даже мобильной клумбы.";"Необычный элемент оформления участка или даже мобильной клумбы.";https://static.tildacdn.com/tild3939-3862-4330-b135-663061383834/noroot.jpg;6790.00;;;;;GpLC0sGRDbxTvZ66zc65;;;0;0;0;0;;;;;
517072475283;;;;"Для дома и дачи";"Плетеное дерево";"<strong>Размеры:</strong> высота от 70 см до 160 см.<br />За деревом необходимо ухаживать, поливать. Верх дерева зеленеет, оно постепенно разрастается.<br />Оригинальное украшение для сада, террасы или балкона.";"<strong>Размеры:</strong> высота от 70 см до 160 см.<br />За деревом необходимо ухаживать, поливать. Верх дерева зеленеет, оно постепенно разрастается.<br />Оригинальное украшение для сада, террасы или балкона.";https://static.tildacdn.com/tild6265-6232-4636-b037-313639633564/noroot.jpg;1600.00;;;;;517072475283;;;0;0;0;0;;;;;
823925223918;;Н018;;"Торговое оборудование;Интерьер и дизайн;Корзины;Необычные для интерьера;Подарочные корзины";"Плетеный самовар";"Фигурное плетение<br /><strong>Размеры</strong>: высота 50 см.<br /><strong>Материал</strong>: цельный ивовый прут, дерево.";"Фигурное плетение<br /><strong>Размеры</strong>: высота 50 см.<br /><strong>Материал</strong>: цельный ивовый прут, дерево.";https://static.tildacdn.com/tild6632-6261-4433-a664-633466626265/1000.jpg;7190.00;;;;;0dBlrv1KeCLCCcuPhEKp;;;0;0;0;0;;;;;
850245254121;;;;"Необычные для интерьера";"Плетеные сани";"Фигурное плетение<br /><strong>Материал</strong>: цельный ивовый прут.<br />";"<strong>Материал</strong>: цельный ивовый прут.";https://static.tildacdn.com/tild6630-3637-4562-a362-383831363833/750.jpg;10600.00;;;;;CZ92UYzNsFMBFhVFuNky;;;0;0;0;0;;;;;
356833186645;;B010;;"Корзины;Бельевые корзины;Сундуки и короба;Для хранения вещей;Хозяйственные корзины";"Плетеный сундук Бали";"<strong>Размеры сундука</strong>: ширина 60 см, глубина 40 см, высота 50 см.";"<strong>Размеры сундука</strong>: ширина 60 см, глубина 40 см, высота 50 см.<br /><strong>Материалы</strong>: цельный ивовый прут, фанерное дно, полотно из ленты.";https://static.tildacdn.com/tild3564-3763-4132-b933-326533616334/noroot.jpg;7790.00;;;;;ioFVkEM0hTxJNp1MkTsU;;;0;0;0;0;;;;;
130491235210;;;;"Торговое оборудование;Необычные для интерьера";"Интерьерный плетёный щиток";"<strong>Размеры</strong>: 40х50 см.<br /><strong>Материал</strong>: цельный ивовый прут.";"<strong>Размеры</strong>: 40х50 см.<br /><strong>Материал</strong>: цельный ивовый прут.";https://static.tildacdn.com/tild3165-3062-4737-a136-326165373833/noroot.JPG;1020.00;;;;;130491235210;;;0;0;0;0;;;;;
727477907873;;T001;;"Торговое оборудование;Интерьер и дизайн";"Ширма для ресторана";"<strong>Размеры:</strong> 1,2 м х 1,5 м.<br /><strong>Материал</strong>: цельный ивовый прут.";"<strong>Размеры:</strong> 1,2 м х 1,5 м.<br /><strong>Материал</strong>: цельный ивовый прут.";https://static.tildacdn.com/tild6132-3266-4235-b566-393664386436/2.jpg;8250.00;;;;;s6fplfM0eR13LAsCCtmd;;;0;0;0;0;;;;;
483641554080;;T002;;"Торговое оборудование;Интерьер и дизайн";"Щиток в деревянной раме";"<strong>Размеры:</strong> 1 м х 1,5 м.<br /><strong>Материал</strong>: цельный ивовый прут, дерево.";"<strong>Размеры:</strong> 1 м х 1,5 м.<br /><strong>Материал</strong>: цельный ивовый прут, дерево.";https://static.tildacdn.com/tild3562-6466-4535-a662-653030633033/noroot.JPG;7790.00;;;;;1E7LcmuGY5djVgA55eGc;;;0;0;0;0;;;;;
267864753473;;T003;;"Торговое оборудование;Сундуки и короба";"Наклонный короб Локки";"<strong>Размеры</strong>: 40х35, высота 12-15 см.<br /><strong>Материал</strong>: цельный ивовый прут, фанерное дно, оклеенное пленкой.";"<strong>Размеры</strong>: 40х35, высота 12-15 см.<br /><strong>Материал</strong>: цельный ивовый прут, фанерное дно, оклеенное пленкой.";https://static.tildacdn.com/tild6138-3731-4432-b336-376362333830/2.jpg;1690.00;;;;;Z48YhhXrZUGdp6KB25Bd;;;0;0;0;0;;;;;
152247802504;;T004;;"Торговое оборудование;Сундуки и короба";"Прямоугольный короб с ручками";"<strong>Размеры:</strong> 60х45 см, высота без ручек 15 см, высота с ручками 23 см.<br /><strong>Материалы</strong>: цельный ивовый прут, фанерное дно, оклеенное пленкой.";"<strong>Размеры:</strong> 60х45 см, высота без ручек 15 см, высота с ручками 23 см.<br /><strong>Материалы</strong>: цельный ивовый прут, фанерное дно, оклеенное пленкой.";https://static.tildacdn.com/tild3136-6563-4636-b334-633533346337/noroot.jpg;2190.00;;;;;bxvDUT9M88e19draTjnV;;;0;0;0;0;;;;;
540209408198;;T005;;"Торговое оборудование;Корзины;Хозяйственные корзины";"Поднос с ручкой";"<strong>Размеры</strong>: 40х50 см.<br /><strong>Материалы</strong>: цельный ивовый прут, фанерное дно.<br />";"<strong>Размеры</strong>: 40х50 см.<br /><strong>Материалы</strong>: цельный ивовый прут, фанерное дно.<br />";https://static.tildacdn.com/tild3633-6335-4333-b663-333866393238/noroot.jpg;990.00;;;;;rH4HeRKCDOPhGfsRrDxV;;;0;0;0;0;;;;;
558956304326;;;;"Торговое оборудование;Сундуки и короба;Корзины;Для хранения вещей";"Багетницы разных размеров";"<strong>Размеры</strong>: Ширина 30 см. Глубина 45 см. Высоты: 55 см, 75 см, 95 см.<br /><strong>Материалы</strong><span>: цельный ивовый прут, фанерное дно.</span>";"<strong>Размеры</strong>: Ширина 30 см. Глубина 45 см. Высоты: 55 см, 75 см, 95 см.<br /><strong>Материалы</strong><span>: цельный ивовый прут, фанерное дно.</span>";https://static.tildacdn.com/tild6263-3134-4538-a431-356361393139/noroot.jpg;;;;;;CLYA5M8G7HMpDAXyO6yc;;;0;0;0;0;;;;;
437144524951;;T006;;;"Багетницы разных размеров - 55 см";;;;3390.00;;;"Высота:55 см";;1BMIE7OfkyThzcK2AYDh;558956304326;;0;0;0;0;;;;;
549074521568;;T007;;;"Багетницы разных размеров - 75 см";;;;4590.00;;;"Высота:75 см";;ZpZavAiUyi0aCV1Kdpf3;558956304326;;0;0;0;0;;;;;
319620204427;;T008;;;"Багетницы разных размеров - 95 см";;;;5490.00;;;"Высота:95 см";;FVk9SDIFZxJVy6fpdKcU;558956304326;;0;0;0;0;;;;;
919680809046;;T009;;"Торговое оборудование;Сундуки и короба";"Длинный узкий короб";"<strong>Размеры:</strong> 70х20 см, высота 5 см.<br /><strong>Материалы</strong>: цельный ивовый прут, фанерное дно.";"<strong>Размеры:</strong> 70х20 см, высота 5 см.<br /><strong>Материалы</strong>: цельный ивовый прут, фанерное дно.";https://static.tildacdn.com/tild3530-3033-4262-a363-303038633730/noroot.jpg;1290.00;;;;;99t5eshtlL3k4BT9DHoV;;;0;0;0;0;;;;;
208939514325;;T010;;"Торговое оборудование;Интерьер и дизайн;Корзины;Хозяйственные корзины";"Лоток для приборов";"<strong>Размеры</strong>: 25х10 см,высота 5 см.<br /><strong>Материалы</strong>: цельный ивовый прут, фанерное дно.<br />";"<strong>Размеры</strong>: 25х10 см,высота 5 см.<br /><strong>Материалы</strong>: цельный ивовый прут, фанерное дно.<br />";https://static.tildacdn.com/tild6239-3232-4430-b062-393634613837/2.jpg;890.00;;;;;mmOjkrEYa33ON92MASP8;;;0;0;0;0;;;;;
915893374796;;T011;;"Торговое оборудование";"Круглый поднос";"<strong>Размеры</strong>: диаметр 45 см.<br /><strong>Материал</strong>: цельный ивовый прут, фанерное дно.";"<strong>Размеры</strong>: диаметр 45 см.<br /><strong>Материал</strong>: цельный ивовый прут, фанерное дно.";https://static.tildacdn.com/tild6234-6332-4037-a536-633635373365/noroot.jpg;1250.00;;;;;ExpSfLsuCa9kZFCCsUR5;;;0;0;0;0;;;;;
544990926137;;T012;;"Торговое оборудование;Интерьер и дизайн;Сундуки и короба";"Короб с разделителями";"<strong>Размеры:</strong> 60х35 см, высота 15 см.<br /><strong>Материалы</strong>: цельный ивовый прут, фанерное дно, оклеенное пленкой.";"<strong>Размеры:</strong> 60х35 см, высота 15 см.<br /><strong>Материалы</strong>: цельный ивовый прут, фанерное дно, оклеенное пленкой.";https://static.tildacdn.com/tild3531-6162-4166-b638-623632643264/2.jpg;2250.00;;;;;SGifaGbNn9KHTJE4HmaV;;;0;0;0;0;;;;;
966744824230;;T013;;"Торговое оборудование;Сундуки и короба";"Наклонный короб Дюшес";"<strong>Размеры</strong>: 70х40 см, высота 10-15 см.<br /><strong>Материалы</strong>: цельный ивовый прут, фанерное дно.<br />";"<strong>Размеры</strong>: 70х40 см, высота 10-15 см.<br /><strong>Материалы</strong>: цельный ивовый прут, фанерное дно.<br />";https://static.tildacdn.com/tild3763-6639-4338-a236-633666323430/2.jpg;2450.00;;;;;Ok6Eurj81JPzBIXXG4KY;;;0;0;0;0;;;;;
667711282632;;;;"Корзины;Торговое оборудование;Сундуки и короба;Для хранения вещей";"Квадратный короб с ручками";"<strong>Размеры</strong>: 40х45 см, высота 15 см";"<strong>Размеры</strong>: 40х45 см, высота 15 см<br /><strong>Материалы</strong>: цельный ивовый прут, фанерное дно, оклеенное пленкой.";https://static.tildacdn.com/tild3439-6662-4463-b164-386137666432/1384013583215.jpg;;;;;;1IkeXLPBVyE96veJnD3d;;;0;0;0;0;;;;;
161704384491;;T015;;;"Квадратный короб с ручками - Фанерное";;;;1750.00;;;Дно:Фанерное;;iKvSGpoohDXUyoOLDa7R;667711282632;;0;0;0;0;;;;;
750420878541;;T016;;;"Квадратный короб с ручками - Плетеное";;;;2050.00;;;Дно:Плетеное;;d5j6ZX62jjjvClKR0G0D;667711282632;;0;0;0;0;;;;;
168541720678;;B002;;"Корзины;Торговое оборудование;Сундуки и короба;Для детей;Для хранения вещей";"Ажурный короб";"<strong>Размеры:</strong> дно 60х40 см, высота 17 см.";"<strong>Размеры:</strong> дно 60х40 см, высота 17 см.<br /><strong>Материалы</strong>: цельный ивовый прут, фанерное дно.";https://static.tildacdn.com/tild3866-3166-4564-a364-656561336139/2.jpg;2390.00;;;;;vtu4X6bMIClnpnSVjlnG;;;0;0;0;0;;;;;
804751062480;;B011;;"Торговое оборудование;Сундуки и короба";"Прямоугольный низкий короб";"<strong>Размеры</strong>: 40х30 см, высота 8 см.";"<strong>Размеры</strong>: 40х30 см, высота 8 см.<br /><strong>Материалы</strong>: цельный ивовый прут, фанерное дно.<br />";https://static.tildacdn.com/tild3538-6535-4437-a236-646461353362/noroot.jpg;790.00;;;;;cHDaHk7JgTJRIHjtBXPk;;;0;0;0;0;;;;;
815930558929;;;;"Торговое оборудование;Сундуки и короба";"Квадратный короб";"<strong>Размеры</strong>: 40х45 см, высота 13 см.<br /><strong>Материалы</strong><span>: цельный ивовый прут, фанерное дно, оклеенное пленкой.</span>";"<strong>Размеры</strong>: 40х45 см, высота 13 см.<br /><strong>Материалы</strong><span>: цельный ивовый прут, фанерное дно, оклеенное пленкой.</span>";https://static.tildacdn.com/tild3831-6535-4631-b034-363262613262/2.jpg;;;;;;An7HmF8kkV1GZ58mjxRh;;;0;0;0;0;;;;;
169655180541;;T016;;;"Квадратный короб";;;;1450.00;;;Дно:;;R6i22g7LnET55uIjdTIG;815930558929;;0;0;0;0;;;;;
852987029721;;T017;;;"Квадратный короб";;;;1790.00;;;Дно:;;SPsvDxotdhNmDJgEAJUV;815930558929;;0;0;0;0;;;;;
611978890587;;T016;;"Корзины;Торговое оборудование;Сундуки и короба;Для хранения вещей;Хозяйственные корзины";"Круглый маленький короб";"<strong>Размеры</strong>: диаметр 20 см, высота 10 см.";"<strong>Размеры</strong>: диаметр 20 см, высота 10 см.<br /><strong>Материалы</strong>: цельный ивовый прут, фанерное дно.";https://static.tildacdn.com/tild3838-6337-4336-a332-376465626464/mini.jpg;550.00;;;;;S2co5yJoxho6TiZooaMr;;;0;0;0;0;;;;;
413411844454;;T017;;"Торговое оборудование;Сундуки и короба";"Прямоугольный высокий короб";"<strong>Размеры</strong>: 60х40 см, высота 20 см";"<strong>Размеры</strong>: 60х40 см, высота 20 см<br /><strong>Материалы</strong>: цельный ивовый прут, фанерное дно.";https://static.tildacdn.com/tild3832-3861-4131-a265-653061373936/400.jpg;2690.00;;;;;mGTkccTFg3V4SEdbIyuK;;;0;0;0;0;;;;;
386473243371;;T018;;"Торговое оборудование;Сундуки и короба;Интерьер и дизайн";"Короб под картошку";"<strong>Размеры</strong>: 80х50 см, высота 70-85 см.<br /><strong>Материалы</strong><span>: цельный ивовый прут, фанерное дно.</span>";"<strong>Размеры</strong>: 80х50 см, высота 70-85 см.<br /><strong>Материалы</strong><span>: цельный ивовый прут, фанерное дно.</span>";https://static.tildacdn.com/tild6432-3838-4537-b835-623663616666/noroot.jpg;10900.00;;;;;cjFc8AApMKTLMgdFHbFG;;;0;0;0;0;;;;;
595577867300;;T019;;"Торговое оборудование";"Полка для выпечки";"<strong>Размеры</strong>: 70х30 см.<br /><strong>Материалы</strong>: цельный ивовый прут, полотно для оформления, брус.";"<strong>Размеры</strong>: 70х30 см.<br /><strong>Материалы</strong>: цельный ивовый прут, полотно для оформления, брус.";https://static.tildacdn.com/tild6163-3064-4339-b933-623335653038/noroot.jpg;5900.00;;;;;u9l2SnkfeFdsUGsx6yL5;;;0;0;0;0;;;;;
899946771230;;T021;;"Торговое оборудование;Сундуки и короба";"Лоток наклонный Булочка";"<strong>Размеры</strong>: дно 45х35 см, высота 5-10 см.<br /><strong>Материалы</strong><span>: цельный ивовый прут, фанерное дно.</span>";"<strong>Размеры</strong>: дно 45х35 см, высота 5-10 см.<br /><strong>Материалы</strong><span>: цельный ивовый прут, фанерное дно.</span>";https://static.tildacdn.com/tild3431-3233-4030-a131-366632333532/400.JPG;950.00;;;;;An0seIIFC5iSRPcYXIN6;;;0;0;0;0;;;;;
987002565198;;T022;;"Торговое оборудование;Сундуки и короба";"Накопитель низкий";"<strong>Размеры</strong>: даметр дна 25 см, диаметр верха 45 см, высота 20 см.<br /><strong>Материалы</strong>: цельный ивовый прут, фанерное дно.";"<strong>Размеры</strong>: даметр дна 25 см, диаметр верха 45 см, высота 20 см.<br /><strong>Материалы</strong>: цельный ивовый прут, фанерное дно.";https://static.tildacdn.com/tild3538-3531-4037-a539-646465656331/400.JPG;1250.00;;;;;IOZkmNTfcu06ae2laKK1;;;0;0;0;0;;;;;
524430682904;;H004;;"Корзины;Торговое оборудование;Подарочные корзины;Необычные для интерьера";"Винная корзинка";"<strong>Размеры</strong>: 27х15 см, высота 10 см, высота с ручкой 28 см.<br /><strong>Материалы</strong>: цельный ивовый прут.";"<strong>Размеры</strong>: 27х15 см, высота 10 см, высота с ручкой 28 см.<br /><strong>Материалы</strong>: цельный ивовый прут.";https://static.tildacdn.com/tild3233-3665-4364-a531-646630386538/2.jpg;890.00;;;;;NPN9Kb6FM2XPNl6M9OFL;;;0;0;0;0;;;;;
183246780403;;H005;;"Корзины;Торговое оборудование;Подарочные корзины;Необычные для интерьера";"Винная корзинка Шампань";"<strong>Размеры</strong>: 27х15, высота 9-14, высота с ручкой 28 см.<br /><strong>Материалы</strong>: цельный ивовый прут.";"<strong>Размеры</strong>: 27х15, высота 9-14, высота с ручкой 28 см.<br /><strong>Материалы</strong>: цельный ивовый прут.";https://static.tildacdn.com/tild3535-3164-4335-b730-346431376636/noroot.jpg;950.00;;;;;PFZFNxPOxYfXeUNaHvok;;;0;0;0;0;;;;;
494701671700;;T023;;"Торговое оборудование;Корзины;Для хранения вещей;Хозяйственные корзины";"Овальная корзина для выкладки";"<strong>Размеры</strong>: 42х25 см, высота 15 см.<br /><strong>Материалы</strong><span>: цельный ивовый прут.</span>";"<strong>Размеры</strong>: 42х25 см, высота 15 см.<br /><strong>Материалы</strong><span>: цельный ивовый прут.</span>";https://static.tildacdn.com/tild6331-3665-4839-b436-356433316663/2.jpg;1500.00;;;;;EPVIH8UEmxvT3CHsN9YA;;;0;0;0;0;;;;;
466098783216;;;;"Сундуки и короба;Интерьер и дизайн";"Плетеный короб Ноктюрн";"<strong>Размеры</strong>: 50*35 см, высота 25 см";"Темный сундук с плетеной крышкой и колечками.<br /><br /><strong>Размеры</strong>: 50*35 см, высота 25 см<br /><strong>Материал</strong>: цельный ивовый прут. Фанерное или плетеное дно.";https://static.tildacdn.com/tild3436-6531-4336-b035-373166656338/100_2067.JPG;;;;;;Oa5gNOsVYBX1JlAZ6yBo;;;0;0;0;0;;;;;
664415435875;;;;;"Плетеный короб Ноктюрн - Фанерное";;;;3850.00;;;Дно:Фанерное;;2NkeOvfH94AOXP1g5Lhb;466098783216;;0;0;0;0;;;;;
251881215866;;;;;"Плетеный короб Ноктюрн - Плетеное";;;;4950.00;;;Дно:Плетеное;;oL6GrtLZMOZeipSb106M;466098783216;;0;0;0;0;;;;;
312934587621;;B015;;"Бельевые корзины;Сундуки и короба;Интерьер и дизайн;Корзины;Для хранения вещей";"Плетеный короб Триест";"<strong>Размеры:</strong> длинная сторона 55 см, высота 75 см.";"<strong>Размеры:</strong> длинная сторона 55 см, высота 75 см.<br /><strong>Материалы</strong>: цельный ивовый прут, фанерное дно, плетеное полотно из ленты.";https://static.tildacdn.com/tild3531-6561-4935-b833-633032336434/2.JPG;7950.00;;;;;J5sJ7v33tolkhttFU3EL;;;0;550;0;750;;;;;
510903454388;;B016;;"Бельевые корзины;Сундуки и короба;Корзины;Интерьер и дизайн;Для хранения вещей;Для детей";"Плетеный сундук Фиренце";"<strong>Размеры сундука:</strong> 70х60 см, высота 50 см.";"<strong>Размеры сундука:</strong> 70х60 см, высота 50 см.<br /><strong>Материалы</strong>: цельный ивовый прут, фанерное дно, полотно из ленты на крышке.";https://static.tildacdn.com/tild3834-6265-4339-b561-643938343439/1.JPG;11190.00;;;;;uLKv2VLXdlB7DLcahjoY;;;0;0;0;0;;;;;
561260438750;;B017;;"Сундуки и короба;Корзины;Бельевые корзины;Для детей;Для хранения вещей";"Плетеный короб Виноград";"<strong>Размеры</strong>: ширина 43 см, глубина 33 см, высота 35 см.";"<strong>Размеры</strong>: ширина 43 см, глубина 33 см, высота 35 см.<br /><strong>Материалы</strong>: цельный ивовый прут, фанерное дно.";https://static.tildacdn.com/tild6238-6664-4264-b066-313931643538/1.JPG;3590.00;;;;;v1tep1P1GRZMpfpxea6g;;;0;0;0;0;;;;;
460758561991;;B018;;"Сундуки и короба;Интерьер и дизайн";"Плетеный сундук Тумба";"<strong>Размеры: </strong>ширина 50 см, глубина 40 см, высота 80 см.";"<strong>Размеры:</strong><strong></strong>ширина 50 см, глубина 40 см, высота 80 см.<br /><strong>Материалы</strong>: цельный ивовый прут, фанерное дно, полотно из ленты на крышке.";https://static.tildacdn.com/tild6233-3438-4661-a266-663233666265/noroot.JPG;10900.00;;;;;YIRC7GZIgLaKlrNzGipe;;;0;0;0;0;;;;;
350771726985;;B019;;"Сундуки и короба;Корзины;Для хранения вещей;Для детей";"Плетеный короб Кратер";"<strong>Размеры:</strong> ширина 43 см, глубина 33 см, высота 35 см.";"<strong>Размеры:</strong> ширина 43 см, глубина 33 см, высота 35 см.<br /><strong></strong><strong>Материалы</strong>: цельный ивовый прут, плетеное дно.";https://static.tildacdn.com/tild3235-3634-4336-b535-366137306462/2.jpg;4290.00;;;;;2jhvBovfceDnbDgMsmNM;;;0;0;0;0;;;;;
669027264423;;B020;;"Сундуки и короба;Корзины;Бельевые корзины;Для детей";"Плетеный сундук Берта";"<strong>Размеры сундука</strong>: ширина 50 см, глубина 40 см, высота 80 см.";"<strong>Размеры сундука</strong>: ширина 50 см, глубина 40 см, высота 80 см.<br /><strong>Материалы</strong>: цельный ивовый прут, фанерное дно, крышка из ивовой ленты.";https://static.tildacdn.com/tild3464-3965-4635-b136-666662393336/1.jpeg;12390.00;;;;;71KhbKHnrpBL3i2eKPlJ;;;0;0;0;0;;;;;
935680607146;;B021;;"Корзины;Бельевые корзины;Сундуки и короба;Для хранения вещей";"Плетеный сундук Гранд";"<strong>Размеры сундука: </strong>ширина 70 см, глубина 40 см, высота 35 см.";"<strong>Размеры сундука:</strong><strong></strong>ширина 70 см, глубина 40 см, высота 35 см.<br /><strong>Материалы</strong>: цельный ивовый прут, фанерное дно, полотно из ленты на крышке.";https://static.tildacdn.com/tild6538-3063-4531-b734-373237303130/2.jpg;7690.00;;;;;J9VZTzYihfVHngYvHxPH;;;0;0;0;0;;;;;
827746986400;;П001;;"Корзины;Для животных";"Корзина для кота Феличита";"Лежанка для кота из полностью натуральных материалов, сделанная вручную. Подойдет для крупных кошек. <br /><br />Размеры: дно: 32х46 см, верх 63х34 см. Высота 9 — 20 см.<br />Материал: фанерное дно, ивовый прут.";"<strong>Размеры</strong>: дно: 32х46 см, верх 63х34 см. Высота 9 — 20 см.<br /><strong>Материал</strong>: фанерное дно, ивовый прут.";https://static.tildacdn.com/tild6236-3961-4964-b131-376135653936/1.jpg;1790.00;;;;;FH13EUm362lzMaXrLDYN;;;0;0;0;0;;;;;
402149839345;;П003;;"Корзины;Для животных";"Корзина для собаки Трезор";"Плетеная лежанка для собаки — из натуральных материалов, ручная работа. Уютная и удобная корзина. Делается на заказ. <br /><br />Размеры: 80х50 см, высота 10-20 см.<br />Материалы: цельный ивовый прут, фанерное дно.<br />Подстилка в комплект не входит.";"<strong></strong><strong>Размеры</strong>: 80х50 см, высота 10-20 см.<br /><strong>Материалы</strong>: цельный ивовый прут, фанерное дно.<br />Подстилка в комплект не входит.";https://static.tildacdn.com/tild6632-3662-4532-b663-636264323935/IMG_20180326_232918.jpg;4730.00;;;;;4sKTXSX9teROg1XCd5ny;;;0;0;0;0;;;;;
492933423717;;П002;;"Для животных;Корзины";"Кошачий дом";"Плетеный двухэтажный дом для кота или кошки";"Возможна конструкция с 3 этажами: еще один посередине, с окнами и входом. <br /><strong>Размеры</strong><strong></strong>: высота 80 см. <br /><strong>Материал</strong>: фанерное дно, ивовый прут.";https://static.tildacdn.com/tild6330-6437-4033-b966-623231653536/IMG-20190924-WA0026.jpg;10500.00;;;;;U3c0t5CBh9A0Psmb1Bod;;;0;0;0;0;;;;;
117528684542;;H001;;"Корзины;Для хранения вещей;Хозяйственные корзины";Аннет;"Маленькая корзина для хранения вещей<br /><br />Размеры: дно 26х16 см, верх 32х23 см, высота 9 см.<br />Материалы: цельный ивовый прут, фанерное дно<br />";"Маленькая корзина для хранения вещей<br /><br /><strong>Размеры</strong>: дно 26х16 см, верх 32х23 см, высота 9 см.<br /><strong>Материалы</strong>: цельный ивовый прут, фанерное дно<br />";https://static.tildacdn.com/tild3066-3834-4563-b061-653338623737/_3.jpg;650.00;;;;;9RAhiR64iMZ2GaxukGJa;;;0;0;0;0;;;;;
804614208314;;B003;;"Сундуки и короба";Арчер;"<strong>Размеры</strong>: дно 42х25 см, высота 15 см";"<strong>Размеры</strong>: дно 42х25 см, высота 15 см.<br /><strong>Материалы</strong>: цельный ивовый прут, фанерное дно.";https://static.tildacdn.com/tild3163-6630-4334-a538-613439363338/IMG_20190609_092753_.jpg;2990.00;;;;;IvmdYRjo2s8fioskU262;;;0;0;0;0;;;;;
401694108609;;Р002;;"Корзины;Подарочные корзины;Для хранения вещей";Тэффи;"Корзинка для мелочей<br />Размеры<strong></strong><strong></strong><strong></strong>: дно 20х13 см, верх 30х20 см, высота 13 см.<br />Материал: цельный ивовый прут.<br />";"<strong>Размеры</strong>: дно 20х13 см, верх 30х20 см, высота 13 см.<br /><strong>Материал</strong>: цельный ивовый прут.";https://static.tildacdn.com/tild6163-3965-4431-b231-366134613163/12.jpg;1090.00;;;;;OnvLfgu1eliek9Reujv1;;;0;0;0;0;;;;;
918913701215;;Р003;;"Корзины;Подарочные корзины;Для хранения вещей";Лилечка;"Корзинка для мелочей<br />Размеры: диаметр дна 17 см, диаметр верха 27 см, высота 14 см<br />Материал: цельный ивовый прут.<br />";"<strong>Размеры</strong>: диаметр дна 17 см, диаметр верха 27 см, высота 14 см<br /><strong>Материал</strong>: цельный ивовый прут.";https://static.tildacdn.com/tild3561-6437-4635-b062-633036663464/2.jpg;990.00;;;;;HfJ8NA1CprTRMNEMUNiy;;;0;0;0;0;;;;;
188560667919;;Т023;;"Корзины;Сундуки и короба;Для хранения вещей;Бельевые корзины";"Короб Куба";"<strong>Размеры</strong>: 30х35 см, высота 30 см.";"<strong>Размеры:</strong> 30х35 см, высота 30 см.<br /><strong>Материалы</strong>: цельный ивовый прут, фанерное дно.";https://static.tildacdn.com/tild6636-3734-4631-b631-623534336234/400.JPG;2650.00;;;;;Kpe9RD6SF4G69AN80pFS;;;0;0;0;0;;;;;
826488200651;;Р004;;"Корзины;Бельевые корзины;Сундуки и короба";Оливия;"Корзина для белья<br />Размеры: диаметр дна 45 см, диаметр верха 60 см, высота 60 см.<br />Материал: цельный ивовый прут.<br />";"<strong>Размеры</strong>: диаметр дна 45 см, диаметр верха 60 см, высота 60 см.<br /><strong>Материал</strong>: цельный ивовый прут.";https://static.tildacdn.com/tild3261-6432-4433-a231-366133623136/2400.jpg;7390.00;;;;;rN4k1luO1RN58vYDu9IM;;;0;0;0;0;;;;;
409828354214;;Т025;;"Корзины;Сундуки и короба;Для хранения вещей";"Квадратный лоток";"<strong>Размеры</strong>: 40х45 см, высота 13 см.";"<strong>Размеры</strong>: 40х45 см, высота 13 см.<br /><strong>Материалы</strong><span>: цельный ивовый прут, фанерное дно, оклеенное пленкой.</span>";https://static.tildacdn.com/tild3463-6662-4630-b131-306636333963/2.jpg;1590.00;;;;;m7ugpyiJLZnPhU3t9R8I;;;0;0;0;0;;;;;
290125994701;;Т025;;"Корзины;Бельевые корзины;Сундуки и короба";Помона;"Корзина для белья<br />Размеры: диаметр 40 см, высота 70 см.<br />";"<strong>Размеры</strong>: диаметр 40 см, высота 70 см.";https://static.tildacdn.com/tild3935-6637-4535-b834-373331653339/400.jpg;5750.00;;;;;93mjoABazPc1lesJkDeA;;;0;0;0;0;;;;;
152118123613;;Т026;;"Корзины;Бельевые корзины;Сундуки и короба";Милан;"Корзина для белья<br />Размеры: высота 50 см.<br />";"<strong>Размеры</strong>: высота 50 см.";https://static.tildacdn.com/stor3132-3639-4934-b834-646530353064/35113302.jpg;6175.00;;;;;Xhg3aerv8b8EZe6KNScg;;;0;0;0;0;;;;;
184900115569;;Т027;;"Корзины;Для активного отдыха;Пикниковые корзины;Для дома и дачи";"Пикниковая корзина Italy";"Корзина для пикника<br />Размеры: 40х30 см, высота 35 см<br />Материал: цельный ивовый прут, лента.<br />";"<strong>Размеры</strong>: 40х30 см, высота 35 см<br /><strong>Материал</strong>: цельный ивовый прут, лента.";https://static.tildacdn.com/tild6438-6338-4437-a635-666263663934/400.JPG;3880.00;;;;;kLAsFlcPUily1c3TuHZl;;;0;0;0;0;;;;;
165792487145;;Т028;;"Корзины;Для активного отдыха;Пикниковые корзины";Кантри;"Пикниковая корзина<br />Размеры: дно 40х30 см, высота 28 см.<br />";"<strong>Размеры</strong>: дно 40х30 см, высота 28 см.";https://static.tildacdn.com/tild3062-6332-4665-b037-306562623262/400.JPG;3750.00;;;;;Di51JmfHoO1SINOB0cbx;;;0;0;0;0;;;;;
919959776384;;Т029;;"Корзины;Для активного отдыха;Пикниковые корзины;Стильные плетеные аксессуары;Подарочные корзины";Мечта;"Велокорзина<br />Размеры: низ 27х18 см, верх 36х27 см, высота 24 см.<br />";"<strong>Размеры</strong>: низ 27х18 см, верх 36х27 см, высота 24 см.";https://static.tildacdn.com/tild3138-6632-4139-b333-356163326462/NOqzVLptDIc.jpg;2590.00;;;;;IGsh7AHuaKVf2S8pnhGY;;;0;0;0;0;;;;;
771165854119;;Т030;;"Корзины;Для активного отдыха;Стильные плетеные аксессуары;Подарочные корзины;Пикниковые корзины";Классика;"Велокорзина<br />Размеры: 30х20 см, верх 40х30 см, высота 24 см.<br />";"<strong>Размеры</strong>: 30х20 см, верх 40х30 см, высота 24 см.";https://static.tildacdn.com/tild3438-3432-4233-a134-643831626662/400.JPG;2700.00;;;;;vtv9ICo6Gdls0r15Vn3A;;;0;0;0;0;;;;;
622062820872;;Т031;;"Корзины;Для активного отдыха";Улов;"Корзина для рыбы<br />Размеры: 42х25 см, высота 25 см.<br />";"<strong>Размеры</strong>: 42х25 см, высота 25 см.";https://static.tildacdn.com/tild3364-3838-4331-a332-633438313862/400.JPG;2990.00;;;;;eSjGURlTO5FY8jlFGoY3;;;0;0;0;0;;;;;
793778632772;;Т032;;"Корзины;Для активного отдыха;Пикниковые корзины;Стильные плетеные аксессуары;Подарочные корзины";Элен;"Велокорзина<br />Размеры: низ 27х18 см, верх 36х27 см, высота 24 см.<br />";"<strong>Размеры</strong>: низ 27х18 см, верх 36х27 см, высота 24 см.";https://static.tildacdn.com/tild6436-3037-4534-a233-336164393635/2400.JPG;2580.00;;;;;G7xxtPTSrYMtrk14rogr;;;0;0;0;0;;;;;
227229554866;;Т033;;"Корзины;Для активного отдыха";Рыбацкая;"Корзина для рыбы<br />Размеры: низ 33х20 см, крышка 23х15 см, высота 20 см.<br />";"<strong>Размеры</strong>: низ 33х20 см, крышка 23х15 см, высота 20 см.";https://static.tildacdn.com/tild6231-6163-4033-b536-666465353833/400.jpg;2990.00;;;;;UAcLFAUooH884SNvxUEa;;;0;0;0;0;;;;;
116138276388;;Т034;;"Корзины;Хозяйственные корзины;Для активного отдыха;Стильные плетеные аксессуары;Для дома и дачи";Пайва;"Наплечная корзина<br />Размеры: 43х25 см, высота 42 см.<br />Материал<span>: цельный ивовый прут.<br />Крепления - ремни.</span><br />";"<strong>Размеры</strong>: 43х25 см, высота 42 см.<br /><strong>Материал</strong><span>: цельный ивовый прут.<br />Крепления - ремни.</span>";https://static.tildacdn.com/stor3266-3937-4165-a664-613466613937/48300370.jpg;6175.00;;;;;rjONYFGi8JmxJnHb7aPJ;;;0;0;0;0;;;;;
838454887731;;P005;;"Корзины;Подарочные корзины;Стильные плетеные аксессуары";"Подарочная корзина Вивьен";"Круглая подарочная корзина с плетеным дном.<br /><br />Размеры: диаметр низа 25 см, диаметр верха 31 см. Высота 10 см, высота около ручек 14 см, высота с ручкой 33 см.<br />Материал: цельный ивовый прут.";"Круглая подарочная корзина с плетеным дном, в которую поместится всё, чем вы хотите порадовать друзей или коллегу. Идеальный вариант для подарка семейной паре или для корпоративных презентов на праздники. Легко оформить, практично и при этом необычно. Ручная работа!<br /><br /><strong>Размеры</strong>: диаметр низа 25 см, диаметр верха 31 см. Высота 10 см, высота около ручек 14 см, высота с ручкой 33 см.<br /><strong>Материал</strong>: цельный ивовый прут.<br />";https://static.tildacdn.com/tild3666-3231-4133-b138-353664346561/photo539806870514287.jpg;1450.00;;;;;2oocGzVj8UVRLjiT1ldK;;;0;0;0;0;;;;;
890565495238;;P006;;"Корзины;Подарочные корзины;Для активного отдыха;Стильные плетеные аксессуары;Пикниковые корзины";"Подарочная корзина Ливиньо";"Плетеное дно, изящество и объем — плюсы этой корзины. Часто выбирают для подарка учителям или коллегам.<br /><br />Размеры: дно 20х29 см, верх 28х40, высота 17 см.<br />Материал: цельный ивовый прут.";"<strong>Размеры</strong>: дно 20х29 см, верх 28х40, высота 17 см.<br /><strong>Материал</strong>: цельный ивовый прут.";https://static.tildacdn.com/tild3336-3963-4065-a438-633635613763/-.JPG;1650.00;;;;;anJ5zexs3mznZJ0JFnsV;;;0;0;0;0;;;;;
909928282796;;P007;;"Корзины;Подарочные корзины;Необычные для интерьера";"Подарочная корзина Асимметрия";"Корзинка для тех, кто хочет оригинально оформить подарок. Асимметричный край позволяет интересно закрепить декор и расположить наполнение.<br /><br />Размеры: дно 28 х18 см, высота 11-20 см, высота с ручкой 57 см.<strong></strong><strong></strong><br />Материал: цельный ивовый прут.";"Корзинка для тех, кто хочет оригинально оформить подарок. Асимметричный край позволяет интересно закрепить декор и расположить наполнение.<br /><br /><strong>Размеры</strong>: дно 28 х18 см, высота 11-20 см, высота с ручкой 57 см.<strong></strong><strong></strong><br /><strong>Материал</strong>: цельный ивовый прут.";https://static.tildacdn.com/tild6339-3732-4666-a631-613766636634/400.JPG;1250.00;;;;;FtHG3Pga9SfrXTrdNKcS;;;0;0;0;0;;;;;
360146122991;;P008;;"Корзины;Подарочные корзины";"Подарочная корзина Гармония";"Отличный вариант для тех, кто хочет подать подарок во всей его красе. Бортики разной высоты позволяют оптимально расположить подарок.<br /><br />Размеры: дно 28х18 см, высота 16,5 см, высота с ручкой 57 см.<br />Материалы: цельный ивовый прут.";"<strong>Размеры</strong>: дно 28х18 см, высота 16,5 см, высота с ручкой 57 см.<br /><strong>Материалы</strong>: цельный ивовый прут.";https://static.tildacdn.com/tild3739-3830-4063-a366-666438636139/400.JPG;1250.00;;;;;F9Hks0eS3kYai2mcrbn5;;;0;0;0;0;;;;;
614357713535;;Р009;;"Корзины;Подарочные корзины;Пасхальные";"Корзина ажурная Светлица";"Круглая изящная корзинка с высоким ажурным верхом — идеальный вариант для романтичных натур.<br /><br />Размеры: диаметр дна 22 см, диаметр верха 27 см, высота 25 см.<br />Материалы: цельный ивовый прут.";"<strong>Размеры</strong>: диаметр дна 22 см, диаметр верха 27 см, высота 25 см.<br /><strong>Материалы</strong>: цельный ивовый прут.";https://static.tildacdn.com/tild3239-6430-4561-a138-653637623063/noroot.png;2290.00;;;;;5m6mnYPNIR3AKg6prECz;;;0;0;0;0;;;;;
293111810206;;P010;;"Корзины;Подарочные корзины;Пикниковые корзины;Для активного отдыха;Стильные плетеные аксессуары";"Подарочная корзина Пьемонт";"Плетеное дно, вместительность и прочность — вот фишки этой корзины. Она популярна для подарков коллегам и родственникам на свадьбу.<br /><br />Размеры: дно 28 х19 см, высота 13-17 см, высота с ручкой 50 см.<strong></strong><strong></strong><br />Материал: цельный ивовый прут.";"<strong>Размеры</strong>: дно 28 х19 см, высота 13-17 см, высота с ручкой 50 см.<strong></strong><strong></strong><br /><strong>Материал</strong>: цельный ивовый прут.";https://static.tildacdn.com/tild3638-3765-4166-a234-323261363736/-.JPG;1850.00;;;;;X2XirEjiGYGkoUpNKDuV;;;0;0;0;0;;;;;
889219843478;;Р011;;"Корзины;Подарочные корзины";"Корзина ажурная Радость";"Круглая корзина с ажурным верхом и высокой ручкой отлично подойдет под фрукты, цветы, косметику.<br /><br />Размеры: диаметр низа 20 см, диаметр верха 35 см, высота 17 см.<br />Материалы: цельный ивовый прут.";"<strong>Размеры</strong>: диаметр низа 20 см, диаметр верха 35 см, высота 17 см.<br /><strong>Материалы</strong>: цельный ивовый прут.";https://static.tildacdn.com/tild6164-3666-4662-b934-363965306438/noroot.JPG;1990.00;;;;;mXc5zO86XiGZs49ENRZv;;;0;0;0;0;;;;;
723749051661;;P003;;"Подарочные корзины;Корзины";"Подарочная корзина Весенняя";"Небольшая изящная корзинка, идеально подходящая под цветочные или фруктовые композиции. Хороший вариант для оформления свадебного презента.<br /><br />Размеры: 32х19 см, высота без ручки 28 см, высота с ручкой: 80 см.<br />Материалы: цельный ивовый прут.";"<strong>Размеры</strong>: 32х19 см, высота без ручки 28 см, высота с ручкой: 80 см.<br /><strong>Материалы</strong>: цельный ивовый пру";https://static.tildacdn.com/tild6432-3737-4039-a263-316162353537/400.JPG;1200.00;;;;;kVVZXT99trCTo43XJKcl;;;0;0;0;0;;;;;
238249421174;;P006;;"Подарочные корзины";"Подарочная корзина Колокольчик";"Узкая подарочная корзина, подходит для цветов и косметики.<br /><br />Размеры: диаметр 20х25 см, высота без ручки 24 см, высота с ручкой 69 см.<br />Материалы: цельный ивовый прут.";"<strong>Размеры</strong>: диаметр 20х25 см, высота без ручки 24 см, высота с ручкой 69 см.<br /><strong>Материалы</strong>: цельный ивовый прут.";https://static.tildacdn.com/tild3935-3664-4163-b966-663739356434/400.JPG;1200.00;;;;;fnUA1zV8emTDurRyziB6;;;0;0;0;0;;;;;
370905877226;;P014;;"Корзины;Подарочные корзины;Для хранения вещей";"Подарочная корзина Круглая средняя";"Корзина, с которой легко дарить мечты! Для тех, кто ценит уютные вещицы.<br /><br />Размеры: диаметр дна 17 см, диаметр верха 23 см, высота без ручки 10 см.<br />Материалы: цельный ивовый прут.";"<strong>Размеры</strong>: диаметр дна 17 см, диаметр верха 23 см, высота без ручки 10 см.<br /><strong>Материалы</strong>: цельный ивовый прут.";https://static.tildacdn.com/tild3734-3564-4334-b030-316239313030/400.JPG;890.00;;;;;VcoGVszY1n1Kzt4CNtSJ;;;0;0;0;0;;;;;
335694259431;;P015;;"Корзины;Подарочные корзины;Для хранения вещей";"Подарочная корзина Овальная средняя";"Отлично подходит для оформления сладких подарков.<br /><br />Размеры: основа 20х30 см, высота без ручки 10 см.<br />Материалы: цельный ивовый прут, фанерное дно.";"<strong>Размеры</strong>: основа 20х30 см, высота без ручки 10 см.<br /><strong>Материалы</strong>: цельный ивовый прут, фанерное дно.";https://static.tildacdn.com/tild3130-3066-4434-b136-303836383966/400.JPG;890.00;;;;;1IVOIyrCuSyPf7CkOeZP;;;0;0;0;0;;;;;
960278660774;;P016;;"Корзины;Подарочные корзины";"Подарочная корзина Подарочная большая";"Корзина для тех, кто готовит внушительный презент!<br /><br />Размеры: диаметр дна 21 см, диаметр верха 35 см, высота без ручки 17 см.<br />Материалы: цельный ивовый прут.";"<strong>Размеры</strong>: диаметр дна 21 см, диаметр верха 35 см, высота без ручки 17 см.<br /><strong>Материалы</strong>: цельный ивовый прут.";https://static.tildacdn.com/tild6337-6238-4434-b439-613934333665/400.JPG;1590.00;;;;;gyEnyparO4KNsdZF70bk;;;0;0;0;0;;;;;
973130862447;;P017;;"Корзины;Подарочные корзины;Для хранения вещей";"Подарочная корзина Кузовок";"Корзинка как из сказки: ее особенно хорошо наполнить печеньем и сладостями.<br /><br />Размеры<strong></strong><strong></strong>: дно 20х30 см, высота без ручки 10 см.<br />Материалы: цельный ивовый прут, фанерное дно.";"<strong>Размеры</strong>: дно 20х30 см, высота без ручки 10 см.<br /><strong>Материалы</strong>: цельный ивовый прут, фанерное дно.";https://static.tildacdn.com/tild6338-3732-4237-b933-653032653565/400.JPG;900.00;;;;;z9naR3UoJpSeaagDmBDy;;;0;0;0;0;;;;;
448811316010;;Р018;;"Корзины;Подарочные корзины;Пасхальные";Колобок;"Небольшая корзина<br />Размеры: диаметр верха 22 см, высота 20 см.<br />";"<strong>Размеры</strong>: диаметр верха 22 см, высота 20 см.";https://static.tildacdn.com/tild6237-3734-4663-a562-303265303730/400.JPG;1450.00;;;;;YSfVZ77x22kvXMJLJPiG;;;0;0;0;0;;;;;
818578737557;;Р020;;"Корзины;Подарочные корзины;Пасхальные";Каса;"Небольшая корзина<br />Размеры: дно 22 см. Верх 25х25 см. Высота 18 см.<br />";"<strong>Размеры</strong>: дно 22 см. Верх 25х25 см. Высота 18 см.";https://static.tildacdn.com/tild3635-3631-4330-b337-623031306362/400.JPG;1490.00;;;;;6sFNxz8GzrCTCE898BfF;;;0;0;0;0;;;;;
831308468376;;Р023;;"Корзины;Подарочные корзины;Для детей;Для дома и дачи;Хозяйственные корзины";Козетта;"Корзина<br />Размеры: дно 63х40 см, верх 75х48 см, высота 17-35 см.<br />Материалы: цельный ивовый прут.<br /><br />";"<strong>Размеры</strong>: дно 63х40 см, верх 75х48 см, высота 17-35 см.<br /><strong>Материалы</strong>: цельный ивовый прут.<br />";https://static.tildacdn.com/tild6432-6236-4434-b930-303430643563/400.JPG;3490.00;;;;;92vzGykhfYnJobzlIusz;;;0;0;0;0;;;;;
367773109412;;Р024;;"Корзины;Для детей;Торговое оборудование;Интерьер и дизайн";"Плетеный накопитель Тура";"Корзина большая<br />Размеры: <strong></strong>дно 35 см, верх 55 см, высота: 45 см.<br />Материалы: цельный ивовый прут, фанерное дно.<br />";"<strong>Размеры:</strong> <strong></strong>дно 35 см, верх 55 см, высота: 45 см.<br /><strong>Материалы</strong>: цельный ивовый прут, фанерное дно.";https://static.tildacdn.com/tild6563-3538-4236-b438-313464643831/400.JPG;4590.00;;;;;37bBYOXSsgKxiN8O78NV;;;0;0;0;0;;;;;
147818757656;;CK003;;"Корзины;Хозяйственные корзины;Пикниковые корзины;Для дома и дачи";Боровинка;"Средняя корзина<br /><br />Размеры: дно: 28х18 см. Высота без ручки: 24 см. Высота с ручкой: 43 см.<br />Материал: цельный ивовый прут.<br /><br />";"Средняя корзина, которая отлично пройдет как для похода в лес за грибами, так и для поездки на дачу за фруктами-овощами. Красивая, вместительная и прочная. <br /><br /><strong>Размеры</strong>: дно: 28х18 см. Высота без ручки: 24 см. Высота с ручкой: 43 см.<br /><strong>Материал</strong>: цельный ивовый прут.<br /><br />";https://static.tildacdn.com/tild3934-3532-4731-a361-376366393639/400.JPG;1990.00;;;;;daUbB3DpPtrMmICTMfEa;;;0;0;0;0;"Плетеная корзина Боровинка";"Плетеная корзина Боровинка - идеальна для похода за грибами или ягодами, сбора фруктов и овощей на даче. Подойдет для подарка.";;;
842346009979;;CK004;;"Корзины;Хозяйственные корзины;Для дома и дачи";Урожай;"Большая корзина. <br /><br />Размеры: дно: 45х27 см. Верх: 53х40 см. Высота: 23 см.<br />Материал: цельный ивовый прут. <br /><br />";"Это корзина, в которую поместится всё! Идеально подходит для сбора урожая и перевозки его с дачи и для хранения крупных вещей.<br /><br /><strong>Размеры</strong>: дно: 45х27 см. Верх: 53х40 см. Высота: 23 см.<br /><strong>Материал</strong>: цельный ивовый прут.";https://static.tildacdn.com/tild6532-3763-4633-a532-663737353630/400.JPG;3300.00;;;;;fn84NYZBJs0XamdsD8Xm;;;0;0;0;0;"Большая плетеная корзина Урожай";"Большая плетеная корзина Урожай из лозы. Подходит для перевозки фруктов и овощей, хранения крупных предметов.";;;
241821041720;;CK005;;"Корзины;Хозяйственные корзины;Пикниковые корзины;Для активного отдыха";Кантина;"Большая корзина с двумя ручками. <br /><br />Размеры: дно: 32х22 см. Верх: 37х27 см. Высота: 45 см.<br />Материал: цельный ивовый прут, металлическая проволока для крепления ручек. <br /><br />";"Большая корзина с двумя ручками и крышкой. Вы удивитесь, как много она вмещает! <br /><br /><strong>Размеры</strong>: дно: 32х22 см. Верх: 37х27 см. Высота: 45 см.<br /><strong>Материал</strong>: цельный ивовый прут, металлическая проволока для крепления ручек.<br />";https://static.tildacdn.com/tild3235-3035-4634-b633-613838353733/400.JPG;4890.00;;;;;6ajvSyNIA7954ypplBZr;;;0;0;0;0;"Плетеная корзина с двумя ручками Кантина";"Большая плетеная корзина с двумя ручками и крышкой Кантина. Лоза. Ручная работа.";;;
979817797074;;П004;;"Для животных;Корзины";Патриция;"Корзина для кошки <br /><br />Размеры: 52х37 см, высота 10-20 см. <br />Материал: цельный ивовый прут, фанера.";"Плетеная лежанка для кошки. Добавьте подушку или плед - и идеальное место для отдыха вашего кота или кошки готово! Такая плетеная корзина легко вписывается практически в любой интерьер. <br />Только натуральные материалы + ручная работа = прочность и красота. <br /><br /><strong>Размеры</strong>: 52х37 см, высота 10-20 см.<br /><strong>Материал</strong>: цельный ивовый прут, фанера.";https://static.tildacdn.com/tild3666-3131-4239-b736-343833393636/IMG_0485.jpeg;3990.00;;;;;YuxHCi0PvMka0CsJhStr;;;0;0;0;0;"Плетеная лежанка для кошки";"Плетеная корзина для кошек. Натуральные материалы, ручная работа. Прочная, красивая и нравится котикам!";;;
187673563994;;CK005;;"Корзины;Хозяйственные корзины;Для хранения вещей;Подарочные корзины";Жасмин;"Круглая корзина с косой. <br /><br />Размеры: диаметр низа 21 см, диаметр верха 35 см, высота 26 см, высота с ручкой 40 см.<br />Материал: цельный ивовый прут.";"Круглая корзина с косой - очаровательная и удобная. Подойдет для прогулки в лес или для хранения вещей дома. <br /><br />Размеры: диаметр низа 21 см, диаметр верха 35 см, высота 26 см, высота с ручкой 40 см.<br />Материал: цельный ивовый прут.";https://static.tildacdn.com/tild3961-3538-4636-a338-393237643765/Jasmin2.JPG;2450.00;;;;;fXKnI40YXYmIS8Xycgev;;;0;0;0;0;"Круглая плетеная корзина с ручкой Жасмин.";"Круглая корзина с ручкой. Натуральный материал - лоза. Ручная работа.";;;
901651232126;;H002;;"Корзины;Для хранения вещей;Для животных";"Большая круглая корзина Солнце";"<strong>Размеры</strong>: диаметр дна 45 см, диаметр верха 57 см. Высота 20 см.<br /><strong>Материалы</strong>: цельный ивовый прут, фанерное дно.";"В эту корзину поместится всё!<br /><br /><strong>Размеры</strong>: диаметр дна 45 см, диаметр верха 57 см. Высота 20 см.<br /><strong>Материалы</strong>: цельный ивовый прут, фанерное дно.";https://static.tildacdn.com/tild3730-3333-4233-b735-363531373764/photo.jpg;2890.00;;;;;peGMLne6fX64KcutLBKf;;;0;0;0;0;"Большая круглая плетеная корзина";"Большая круглая плетеная корзина - ручная работа, лоза.";;;
243534891431;;;;"Колыбели и люльки";"Стойка деревянная для подвесной колыбели";"Выдерживает <strong>до 85 кг.</strong> <br /><strong>Размеры</strong>: 1м х 1.5м в основании, 2 м высота.";"Выдерживает <strong>до 85 кг</strong>.<br /><strong>Размеры</strong>: 1м х 1.5м в основании, 2 м высота.";https://static.tildacdn.com/tild6332-3865-4636-b431-396237636636/photo_2020-10-08_21-.jpg;6290.00;;;;;APiZa5YDTcGn1YKSJVLv;;;0;0;0;0;;;;;
496143870701;;Р031;;"Корзины;Хозяйственные корзины;Для дома и дачи;Для хранения вещей;Пикниковые корзины";Хозяюшка;"Средняя корзина с продольной ручкой. <br /><br /><strong>Размеры</strong>: дно 36х26 см, верх 37х28 см. Высота 18 см, высота с ручкой 26 см.<br />";"Средняя корзина с продольной ручкой.<br /><br /><strong>Размеры</strong>: дно 36х26 см, верх 37х28 см. Высота 18 см, высота с ручкой 26 см.";https://static.tildacdn.com/tild3632-3064-4436-b365-623438386632/IMG_1323.jpeg;2300.00;;;;;EHAlNomPcTEey5Ai5K0y;;;0;0;0;0;"Средняя плетеная корзина с продольной ручкой Хозяюшка";"Средняя плетеная корзина с продольной ручкой Хозяюшка";;;
829574490681;;Р032;;"Корзины;Подарочные корзины";"Прямоугольная корзина Конни";"<strong>Размеры:</strong> 24х15 см, высота бортика11 см.<br /><strong>Материал:</strong> цельный ивовый прут.";"<strong></strong><strong>Размеры:</strong> 24х15 см, высота бортика11 см.<br /><strong>Материал:</strong> цельный ивовый прут.<br /><br />Отлично подойдет для хранения мелочей или для небольших горшочков с растениями.";https://static.tildacdn.com/tild3162-3037-4233-b130-656534303035/photo_2021-03-21_12-.jpg;1250.00;;;;;y58idgNHnSnTBKSBkc1J;;;0;0;0;0;"Плетеная корзина прямоугольная";"Плетеная корзина прямоугольная. Ручная работа, цельный ивовый прут.";;;
135326936981;;Р033;;"Корзины;Хозяйственные корзины;Необычные для интерьера";"Круглая корзина Арина";"<strong>Размеры:</strong> диаметр низа 22 см, высота 20 см (без ручки). <br /><strong>Материал:</strong> окрашенный ивовый прут.";"<strong>Размеры:</strong> диаметр низа 22 см, высота 20 см (без ручки).<br /><strong>Материал:</strong> окрашенный ивовый прут.";https://static.tildacdn.com/tild6666-3933-4664-b232-393639363638/photo_2021-03-21_12-.jpg;1590.00;;;;;MKHlobH7knRPJC3ZE4xN;;;0;0;0;0;"Круглая темная корзина";"Круглая корзина шоколадного цвета. Ручная работа: сплетено из ивового прута.";;;
608730953321;;OK003;NEW;"Корзины;Хозяйственные корзины;Для дома и дачи;Для хранения вещей";Виола;"Большая плетеная корзина с косой. Идеально для походов за грибами и для поездок на дачу - вместит весь урожай. <br /><strong>Размеры: </strong>дно 34х24 см, верх 47х36 см, высота без ручки 27 см. <br /><strong>Материалы: </strong>цельный ивовый прут. <br />";"Большая плетеная корзина с косой. Идеально для походов за грибами и для поездок на дачу - вместит весь урожай.<br /><strong>Размеры:</strong> дно 34х24 см, верх 47х36 см, высота без ручки 27 см.<br /><strong>Материалы:</strong> цельный ивовый прут.";https://static.tildacdn.com/tild3935-3135-4431-b935-383565613961/photo_2021-04-13_22-.jpg;3050.00;;;;;31dr7lXSD50t2eDmML8y;;;0;0;0;0;"Плетеная корзина Виола из лозы, ручная работа.";"Плетеная корзина Виола из лозы, ручная работа. Большая, вместительная. Прочная ручка. Ручная работа уральских мастеров.";;;
988453681701;;Р040;;"Корзины;Хозяйственные корзины;Для детей";Лукошко;"<strong>Размеры</strong>: диаметр верха 25 см, высота 20 см.<br /><strong>Цвет</strong>: темно-зеленый (на фото) // темно-красный.<br /><strong>Материал</strong>: неочищенный ивовый прут, ручка оплетена пластиком.";"<strong>Размеры</strong>: диаметр верха 25 см, высота 20 см.<br /><strong>Цвет</strong>: темно-зеленый (на фото) // темно-красный.<br /><strong>Материал</strong>: неочищенный ивовый прут, ручка оплетена пластиком.";https://static.tildacdn.com/stor3361-3261-4230-b761-646434343263/58659054.jpg;990.00;;;;;0XlzamXhzD2DsIdgyAPr;;Хозяйственные;0;0;0;0;;;;;
807852929881;;Р034;;"Корзины;Хозяйственные корзины;Для активного отдыха;Пикниковые корзины";Матильда;"<strong>Размеры</strong>: дно 30х20 см, высота 25 см.<br /><strong>Материал</strong>: цельный ивовый прут.";"<strong>Размеры</strong>: дно 30х20 см, высота 25 см.<br /><strong>Материал</strong>: цельный ивовый прут.";https://static.tildacdn.com/stor3163-6362-4061-b963-363666343930/79946475.png;2250.00;;;;;tBP8AxvJVUoo30VjjAYi;;;0;0;0;0;;;;;
319498235371;;2970;;"Корзины;Хозяйственные корзины;Для дома и дачи";Хозяйственная;"<strong>Размеры</strong>: дно 55х35 см, высота без ручки 16 — 29 см, высота с ручкой — 48 см.<br /><strong>Материалы</strong>: цельный ивовый прут (чищенный и неокоренный).";"<strong>Размеры</strong>: дно 55х35 см, высота без ручки 16 — 29 см, высота с ручкой — 48 см.<br /><strong>Материалы</strong>: цельный ивовый прут (чищенный и неокоренный).";https://static.tildacdn.com/stor3439-3135-4031-a135-663766303962/54048448.jpg;3490.00;;;;;D3zN7uZXPbDOVG1FSb8t;;;0;0;0;0;;;;;
403679754511;;Р036;;"Корзины;Хозяйственные корзины;Подарочные корзины";Кларисса;"<strong>Размеры</strong>: 28х18 см, высота 17 см.<br /><strong>Материал</strong>: цельный ивовый прут.";"<strong>Размеры</strong>: 28х18 см, высота 17 см.<br /><strong>Материал</strong>: цельный ивовый прут.";https://static.tildacdn.com/stor6466-6530-4931-a163-336338653365/77651337.png;1790.00;;;;;3HCbOtZvDnd0vFLcLC1K;;;0;0;0;0;;;;;
380306531491;;Р034;;"Корзины;Хозяйственные корзины;Для активного отдыха;Стильные плетеные аксессуары";Прованс;"<strong>Размеры</strong>: дно 30х20 см. Верх 40х30 см. Высота 23 см.";"<strong>Размеры</strong>: дно 30х20 см. Верх 40х30 см. Высота 23 см.";https://static.tildacdn.com/stor3234-3863-4463-b065-616464643664/74975250.jpg;1850.00;;;;;hgsu3visHeMR4cvglnTc;;;0;0;0;0;;;;;
169248441781;;Р039;;"Корзины;Хозяйственные корзины;Для хранения вещей;Необычные для интерьера";Феличита;"<strong>Размеры</strong>: дно 30х20 см, высота 25 см.";"<strong>Размеры</strong>: дно 30х20 см, высота 25 см.";https://static.tildacdn.com/stor3130-3962-4266-b137-333436333535/27702663.png;1790.00;;;;;JiCrTSKzV70VJc3hC4PT;;;0;0;0;0;;;;;
556915449981;;Р038;;"Корзины;Хозяйственные корзины;Пикниковые корзины;Для хранения вещей;Для активного отдыха";Лилечка;"<strong>Размеры</strong>: дно 32х22 см, верх 44х34 см, высота без ручки 23 см, высота с ручкой 42 см.";"<strong>Размеры</strong>: дно 32х22 см, верх 44х34 см, высота без ручки 23 см, высота с ручкой 42 см.";https://static.tildacdn.com/stor3637-3932-4339-b433-383362323164/62088584.jpg;1750.00;;;;;kHblCuluBPEYPC7d0Tal;;;0;0;0;0;;;;;
133702013711;;Т01;;"Торговое оборудование;Для хранения вещей;Хозяйственные корзины";"Плетеный накопитель Танго";"Размеры: диаметр верха и низа 50 см, диаметр середины 30 см, высота: верх 27 см, низ 53 см.<br />Материалы: цельный ивовый прут";"Размеры: диаметр верха и низа 50 см, диаметр середины 30 см, высота: верх 27 см, низ 53 см.<br />Материалы: цельный ивовый прут";https://static.tildacdn.com/stor3834-6334-4431-b063-393861363430/64254078.jpg;7490.00;;;;;Ubtr2D1rZ89p29VctVKg;;;0;0;0;0;;;;;
604386362281;;PAULINA;NEW;"Для хранения вещей;Подарочные корзины;Интерьер и дизайн;Необычные для интерьера;Корзины";"Шкатулка Паулина";"<strong>Размеры</strong>: 30х20 см, высота 10 см. Фанерное дно.";"Плетеная шкатулка ручной работы будет одновременно стильной и практичной частью интерьера.#nbsp;""Паулина"" может стать отличным подарком. <br /><br /><strong>Размеры</strong>: 30х20 см, высота 10 см. Фанерное дно. <br />Крышка покрыта плетеным полотном из ивовой ленты.Прорезные ручки по узкой стороне. <br /><br />";https://static.tildacdn.com/stor3939-6465-4066-b937-623033313037/71427584.jpg;2000.00;;;;;8JLaAOnhdBsGzmgSRbri;;;0;0;0;0;;;;;
555550347212;;RONDA;;"Корзины;Пикниковые корзины;Для дома и дачи;Для активного отдыха;В наличии";Ронда;"<strong>Размеры</strong>:<br /><strong>Ширина </strong>39 см, <strong>длина </strong>35 см, <strong>высота </strong>26 см.";"Круглая плетеная корзина для пикника и дома.";https://static.tildacdn.com/stor3038-3638-4537-a435-353736353437/89336017.jpg;2900.00;1;;;;PjXrT642RCS7XRjIEiEN;;;0;0;0;0;;;;;
710443339982;;AMBER;;"Корзины;Пикниковые корзины;Для дома и дачи;Хозяйственные корзины;Для активного отдыха;Стильные плетеные аксессуары";Янтарная;"<strong>Размеры:</strong><br /><strong>Ширина </strong>45 см, <strong>длина </strong>35 см, <strong>высота </strong>23 см";"Удобная и прочная овальная корзина с ручкой.";https://static.tildacdn.com/stor3733-3765-4261-b033-303265616235/75116480.jpg;3100.00;1;;;;3VThRlgL1RO7BAINLRFV;;;0;0;0;0;;;;;
218427569662;;;;"Корзины;Стильные плетеные аксессуары";"Плетёная сумочка Сильвия";"Стильная и изящная плетеная сумочка. Аксессуар, который сделает любой образ утончённым.<br /><br /><strong>Размеры</strong>: высота с ручкой 43 см, верхний диаметр 25 см, нижний диаметр 17 см.<br /><strong>Материал</strong>: цельный ивовый прут.";;https://static.tildacdn.com/stor3236-3733-4361-a533-356264343832/1cf2f8dcc261c68360ee467b6f4db8d5.jpg;3790.00;;;;;e2bTfTHZ6YaNBbKhdxax;;;0;0;0;0;;;;;
